<manifest xmlns="http://www.imsproject.org/xsd/imscp_rootv1p1p2" xmlns:adlcp="http://www.adlnet.org/xsd/adlcp_rootv1p2" xmlns:xsi="http://www.w3.org/2001/XMLSchema-instance" identifier="com.scorm.manifesttemplates.scorm12" version="1" xsi:schemaLocation="http://www.imsproject.org/xsd/imscp_rootv1p1p2 imscp_rootv1p1p2.xsd http://www.imsglobal.org/xsd/imsmd_rootv1p2p1 imsmd_rootv1p2p1.xsd http://www.adlnet.org/xsd/adlcp_rootv1p2 adlcp_rootv1p2.xsd">
<metadata>
	<schema>ADL SCORM</schema>
	<schemaversion>1.2</schemaversion>
</metadata>
<organizations default="B0">
	<organization identifier="B0">
		<title>Kontrollfrage 2: Ordne die Produkte den Wirkstoffgruppen zu:</title>
		<item identifier="drag-and-drop-204" identifierref="drag-and-drop-204" isvisible="true">
			<title>Kontrollfrage 2: Ordne die Produkte den Wirkstoffgruppen zu:</title>
		</item>
	</organization>
</organizations>
<resources>
	<resource identifier="drag-and-drop-204" type="webcontent" adlcp:scormtype="sco" href="drag-and-drop-204.html">
		<file href="drag-and-drop-204.html" />
	</resource>
</resources>
</manifest>