{"scoreShow":"\u00dcberpr\u00fcfen","submit":"\u00dcbermitteln","tryAgain":"Wiederholen","scoreExplanation":"Richtige Antworten geben +1 Punkte. Bei falschen Antworten gibt es -1 Punkt. Die kleinstm\u00f6gliche Punktzahl ist 0.","question":{"settings":{"size":{"width":620,"height":310}},"task":{"elements":[{"x":-1.2305475004561757e-7,"y":38.70967348160282,"width":5.4500000000000002,"height":1.3749999999999998,"dropZones":["0","1","2","3","4","5","5"],"type":{"library":"H5P.AdvancedText 1.1","params":{"text":"<p><span><span>Quellmittel<\/span><\/span><\/p>\n"},"subContentId":"98e3cd8c-43e4-4c59-b365-f15fc2b53ac8","metadata":{"contentType":"Text","license":"U","title":"Unbenannter Text"}},"backgroundOpacity":100,"multiple":true},{"x":0,"y":3.225806451612903,"width":13.375,"height":1.375,"dropZones":["0","1","2","3","4","5","5"],"type":{"library":"H5P.AdvancedText 1.1","params":{"text":"<p><span><span>Osmotisch wirksame Substanzen<\/span><\/span><\/p>\n"},"subContentId":"695e10ca-6393-4c15-8a26-73b92dbea424","metadata":{"contentType":"Text","license":"U","title":"Unbenannter Text"}},"backgroundOpacity":100,"multiple":true},{"x":0,"y":80.645161290322577,"width":13.6316875,"height":2.6244433680114767,"dropZones":["0","1","2","3","4","5","5"],"type":{"library":"H5P.AdvancedText 1.1","params":{"text":"<p><span><span>Antiabsorptiv-sekretorisch wirksame <\/span><\/span><\/p>\n\n<p><span><span>Substanzen, Kontaktlaxantien<\/span><\/span><\/p>\n"},"subContentId":"2e9e7c38-cbe2-437e-80f4-bb99bc5ab5d9","metadata":{"contentType":"Text","license":"U","title":"Unbenannter Text"}},"backgroundOpacity":100,"multiple":true},{"x":59.677419354838705,"y":0,"width":5.9759769154787064,"height":19.375001144409179,"dropZones":[],"type":{"library":"H5P.Image 1.1","params":{"decorative":true,"contentName":"Bild","expandImage":"Expand Image","minimizeImage":"Minimize Image","file":{"path":"images\/file-65d5effe272d5.PNG","mime":"image\/png","copyright":{"license":"U"},"width":253,"height":820}},"subContentId":"750e5b75-3f7f-4211-8e30-ea94358e82e3","metadata":{"contentType":"Image","license":"U","title":"Unbenannter Image"}},"backgroundOpacity":100,"multiple":false}],"dropZones":[{"x":54.838709213473408,"y":6.4553931393205739e-6,"width":10,"height":2.5,"correctElements":["0"],"showLabel":false,"backgroundOpacity":0,"tipsAndFeedback":{"tip":""},"single":true,"autoAlign":false,"label":"<div>Quellmittel<\/div>\n"},{"x":54.838709677419352,"y":12.903225806451612,"width":9.9993748202209485,"height":2.5,"correctElements":["0"],"showLabel":false,"backgroundOpacity":0,"tipsAndFeedback":{"tip":""},"single":true,"autoAlign":false,"label":"<div>Quellmittel<\/div>\n"},{"x":54.838709213473408,"y":25.806458068296365,"width":10,"height":2.5,"correctElements":["0"],"showLabel":false,"backgroundOpacity":0,"tipsAndFeedback":{"tip":""},"single":true,"autoAlign":false,"label":"<div>Osmotisch wirksame Substanzen<\/div>\n"},{"x":54.838709213473408,"y":38.709683874747974,"width":10,"height":3.125,"correctElements":["1"],"showLabel":false,"backgroundOpacity":0,"tipsAndFeedback":{"tip":""},"single":true,"autoAlign":false,"label":"<div>Osmotisch wirksame Substanzen<\/div>\n"},{"x":54.838709213473408,"y":54.838716132812493,"width":10,"height":3.125,"correctElements":["1"],"showLabel":false,"backgroundOpacity":0,"tipsAndFeedback":{"tip":""},"single":true,"autoAlign":false,"label":"<div>Quellmittel<\/div>\n"},{"x":54.838709677419352,"y":70.967741935483872,"width":10,"height":5.625,"correctElements":["2"],"showLabel":false,"backgroundOpacity":0,"tipsAndFeedback":{"tip":""},"single":false,"autoAlign":false,"label":"<div>Antiabsorptiv-sekretorisch wirksame Substanzen, Kontaktlaxantien<\/div>\n"}]}},"overallFeedback":[{"from":0,"to":100}],"behaviour":{"enableRetry":true,"enableCheckButton":true,"singlePoint":false,"applyPenalties":true,"enableScoreExplanation":true,"dropZoneHighlighting":"dragging","autoAlignSpacing":2,"enableFullScreen":false,"showScorePoints":true,"showTitle":true},"grabbablePrefix":"Ziehbares Element {num} von {total}.","grabbableSuffix":"Abgelegt in Ablagezone {num}.","dropzonePrefix":"Ablagezone {num} von {total}.","noDropzone":"Keine Ablagezone.","tipLabel":"Hinweis zeigen","tipAvailable":"Hinweis verf\u00fcgbar","correctAnswer":"Richtige Antwort","wrongAnswer":"Falsche Antwort","feedbackHeader":"R\u00fcckmeldung","scoreBarLabel":"Du hast :num von :total Punkten erreicht.","scoreExplanationButtonLabel":"Zeige Erkl\u00e4rung der Punktevergabe","a11yCheck":"Die Antworten \u00fcberpr\u00fcfen. Die Eingaben werden als richtig, falsch oder unbeantwortet markiert.","a11yRetry":"Die Aufgabe wiederholen. Alle Versuche werden zur\u00fcckgesetzt und die Aufgabe wird erneut gestartet.","localize":{"fullscreen":"Vollbild","exitFullscreen":"Vollbild beenden"}}